arm,cohort,year,event_time,att,n_treated,n_control
AUTHOR_MISCONDUCT,2015,2009,-6,-0.0023973164221026966,1757,3343
AUTHOR_MISCONDUCT,2015,2010,-5,-0.014063477203518401,1757,6758
AUTHOR_MISCONDUCT,2015,2011,-4,0.007601253493521712,1757,10301
AUTHOR_MISCONDUCT,2015,2012,-3,0.032933445231854167,1757,14161
AUTHOR_MISCONDUCT,2015,2013,-2,-0.009281648302386578,1757,19259
AUTHOR_MISCONDUCT,2015,2015,0,0.05412706395162158,1757,19259
AUTHOR_MISCONDUCT,2015,2016,1,-0.08116930333748715,1757,19259
AUTHOR_MISCONDUCT,2015,2017,2,-0.09480684517905177,1757,19259
AUTHOR_MISCONDUCT,2015,2018,3,-0.09056283747683785,1757,19259
AUTHOR_MISCONDUCT,2015,2019,4,-0.08269823246088288,1757,19259
AUTHOR_MISCONDUCT,2015,2020,5,-0.07699465539738488,1757,19259
AUTHOR_MISCONDUCT,2015,2021,6,-0.07191182899564907,1757,19259
AUTHOR_MISCONDUCT,2016,2010,-6,-0.05163414896731544,1861,6758
AUTHOR_MISCONDUCT,2016,2011,-5,-0.04701546325041299,1861,10301
AUTHOR_MISCONDUCT,2016,2012,-4,-0.01385380779362351,1861,14161
AUTHOR_MISCONDUCT,2016,2013,-3,-0.008374989770792936,1861,19259
AUTHOR_MISCONDUCT,2016,2014,-2,-0.03962699254002378,1861,19259
AUTHOR_MISCONDUCT,2016,2016,0,0.047543624551313425,1861,19259
AUTHOR_MISCONDUCT,2016,2017,1,-0.08642077750120748,1861,19259
AUTHOR_MISCONDUCT,2016,2018,2,-0.09070732096502108,1861,19259
AUTHOR_MISCONDUCT,2016,2019,3,-0.06795270968870037,1861,19259
AUTHOR_MISCONDUCT,2016,2020,4,-0.048942720597715476,1861,19259
AUTHOR_MISCONDUCT,2016,2021,5,-0.04957649199454513,1861,19259
AUTHOR_MISCONDUCT,2016,2022,6,-0.03492637799279101,1861,15916
AUTHOR_MISCONDUCT,2017,2011,-6,-0.05006301739218161,1632,10301
AUTHOR_MISCONDUCT,2017,2012,-5,-0.028243650401337,1632,14161
AUTHOR_MISCONDUCT,2017,2013,-4,-0.02944545789134491,1632,19259
AUTHOR_MISCONDUCT,2017,2014,-3,-0.018860897986070175,1632,19259
AUTHOR_MISCONDUCT,2017,2015,-2,-0.019026118677389438,1632,19259
AUTHOR_MISCONDUCT,2017,2017,0,0.09206709060902517,1632,19259
AUTHOR_MISCONDUCT,2017,2018,1,-0.055252465361241856,1632,19259
AUTHOR_MISCONDUCT,2017,2019,2,-0.030141370115728934,1632,19259
AUTHOR_MISCONDUCT,2017,2020,3,-0.039582047965351565,1632,19259
AUTHOR_MISCONDUCT,2017,2021,4,-0.031212647970034896,1632,19259
AUTHOR_MISCONDUCT,2017,2022,5,-0.027252912348653957,1632,15916
AUTHOR_MISCONDUCT,2017,2023,6,0.010750463492332371,1632,12501
AUTHOR_MISCONDUCT,2018,2012,-6,-0.061148535135055165,1852,14161
AUTHOR_MISCONDUCT,2018,2013,-5,-0.04266429753691775,1852,19259
AUTHOR_MISCONDUCT,2018,2014,-4,-0.04533514778706586,1852,19259
AUTHOR_MISCONDUCT,2018,2015,-3,-0.03730970020243544,1852,19259
AUTHOR_MISCONDUCT,2018,2016,-2,-0.017621869756105166,1852,19259
AUTHOR_MISCONDUCT,2018,2018,0,0.09335163151120505,1852,19259
AUTHOR_MISCONDUCT,2018,2019,1,-0.038282233646449775,1852,19259
AUTHOR_MISCONDUCT,2018,2020,2,-0.03107556681305882,1852,19259
AUTHOR_MISCONDUCT,2018,2021,3,-0.04421973984954665,1852,19259
AUTHOR_MISCONDUCT,2018,2022,4,-0.017088364019091598,1852,15916
AUTHOR_MISCONDUCT,2018,2023,5,-0.009299256059515246,1852,12501
AUTHOR_MISCONDUCT,2018,2024,6,-0.0011303047531147359,1852,8958
AUTHOR_MISCONDUCT,2019,2013,-6,-0.07829680105152356,2515,19259
AUTHOR_MISCONDUCT,2019,2014,-5,-0.07498819327660394,2515,19259
AUTHOR_MISCONDUCT,2019,2015,-4,-0.06575465943628947,2515,19259
AUTHOR_MISCONDUCT,2019,2016,-3,-0.02452158640658257,2515,19259
AUTHOR_MISCONDUCT,2019,2017,-2,-0.030564853260622155,2515,19259
AUTHOR_MISCONDUCT,2019,2019,0,0.07910794746552618,2515,19259
AUTHOR_MISCONDUCT,2019,2020,1,-0.031580391476366376,2515,19259
AUTHOR_MISCONDUCT,2019,2021,2,-0.022552199137074326,2515,19259
AUTHOR_MISCONDUCT,2019,2022,3,-0.006845656395879557,2515,15916
AUTHOR_MISCONDUCT,2019,2023,4,0.011072227541876173,2515,12501
AUTHOR_MISCONDUCT,2019,2024,5,0.0015883267042087756,2515,8958
AUTHOR_MISCONDUCT,2019,2025,6,0.025027863419717092,2515,5098
HONEST_ERROR,2015,2009,-6,0.03536872698803102,648,3343
HONEST_ERROR,2015,2010,-5,0.012636600791380306,648,6758
HONEST_ERROR,2015,2011,-4,0.04553944780621802,648,10301
HONEST_ERROR,2015,2012,-3,0.03328477360443088,648,14161
HONEST_ERROR,2015,2013,-2,-0.011764661575572488,648,19259
HONEST_ERROR,2015,2015,0,0.0625844162004745,648,19259
HONEST_ERROR,2015,2016,1,-0.06208953774377732,648,19259
HONEST_ERROR,2015,2017,2,-0.06815243987258804,648,19259
HONEST_ERROR,2015,2018,3,-0.054637754739006096,648,19259
HONEST_ERROR,2015,2019,4,-0.05228900517250552,648,19259
HONEST_ERROR,2015,2020,5,-0.025713887815156482,648,19259
HONEST_ERROR,2015,2021,6,-0.027602294646274082,648,19259
HONEST_ERROR,2016,2010,-6,-0.060272623787985036,853,6758
HONEST_ERROR,2016,2011,-5,-0.03274588462882706,853,10301
HONEST_ERROR,2016,2012,-4,-0.01756231076666237,853,14161
HONEST_ERROR,2016,2013,-3,-0.013648283194830364,853,19259
HONEST_ERROR,2016,2014,-2,-0.044411446435085815,853,19259
HONEST_ERROR,2016,2016,0,0.06400290188774274,853,19259
HONEST_ERROR,2016,2017,1,-0.06336027668007047,853,19259
HONEST_ERROR,2016,2018,2,-0.062370376980613554,853,19259
HONEST_ERROR,2016,2019,3,-0.0734672731379924,853,19259
HONEST_ERROR,2016,2020,4,-0.07355730275645855,853,19259
HONEST_ERROR,2016,2021,5,-0.049522316479736,853,19259
HONEST_ERROR,2016,2022,6,-0.061004328999227184,853,15916
HONEST_ERROR,2017,2011,-6,-0.11129080961404274,905,10301
HONEST_ERROR,2017,2012,-5,-0.10364447371408751,905,14161
HONEST_ERROR,2017,2013,-4,-0.08996910105026594,905,19259
HONEST_ERROR,2017,2014,-3,-0.05181981359651324,905,19259
HONEST_ERROR,2017,2015,-2,-0.04385820620853449,905,19259
HONEST_ERROR,2017,2017,0,0.06263636804375597,905,19259
HONEST_ERROR,2017,2018,1,-0.05158750490192,905,19259
HONEST_ERROR,2017,2019,2,-0.03799804869876435,905,19259
HONEST_ERROR,2017,2020,3,-0.052250637500613185,905,19259
HONEST_ERROR,2017,2021,4,-0.050651901572028174,905,19259
HONEST_ERROR,2017,2022,5,-0.034116334513099866,905,15916
HONEST_ERROR,2017,2023,6,-0.024540268822693084,905,12501
HONEST_ERROR,2018,2012,-6,-0.10500433927301545,1222,14161
HONEST_ERROR,2018,2013,-5,-0.08022797002086043,1222,19259
HONEST_ERROR,2018,2014,-4,-0.08595386228335952,1222,19259
HONEST_ERROR,2018,2015,-3,-0.048250232488494124,1222,19259
HONEST_ERROR,2018,2016,-2,-0.034924348078297654,1222,19259
HONEST_ERROR,2018,2018,0,0.06088440892174543,1222,19259
HONEST_ERROR,2018,2019,1,-0.03898744727845905,1222,19259
HONEST_ERROR,2018,2020,2,-0.03883380049151675,1222,19259
HONEST_ERROR,2018,2021,3,-0.03375376861660699,1222,19259
HONEST_ERROR,2018,2022,4,-0.012763407233310403,1222,15916
HONEST_ERROR,2018,2023,5,0.01193226964101464,1222,12501
HONEST_ERROR,2018,2024,6,0.005548899044787656,1222,8958
HONEST_ERROR,2019,2013,-6,-0.15311456115755404,1266,19259
HONEST_ERROR,2019,2014,-5,-0.14445826070772025,1266,19259
HONEST_ERROR,2019,2015,-4,-0.11957643651473508,1266,19259
HONEST_ERROR,2019,2016,-3,-0.07505315214642472,1266,19259
HONEST_ERROR,2019,2017,-2,-0.0553422551996986,1266,19259
HONEST_ERROR,2019,2019,0,0.051029341691010546,1266,19259
HONEST_ERROR,2019,2020,1,-0.03322141421827197,1266,19259
HONEST_ERROR,2019,2021,2,-0.04506389044263747,1266,19259
HONEST_ERROR,2019,2022,3,-0.016940537347138823,1266,15916
HONEST_ERROR,2019,2023,4,-0.023981588581918192,1266,12501
HONEST_ERROR,2019,2024,5,-0.015524792369657675,1266,8958
HONEST_ERROR,2019,2025,6,0.011047605944034061,1266,5098
EDITORIAL_COMPROMISE,2015,2009,-6,-0.10464507446017574,653,3343
EDITORIAL_COMPROMISE,2015,2010,-5,-0.0998711979721612,653,6758
EDITORIAL_COMPROMISE,2015,2011,-4,-0.12102796186992061,653,10301
EDITORIAL_COMPROMISE,2015,2012,-3,-0.11966552227593136,653,14161
EDITORIAL_COMPROMISE,2015,2013,-2,-0.09571953273054573,653,19259
EDITORIAL_COMPROMISE,2015,2015,0,-0.016095654886436817,653,19259
EDITORIAL_COMPROMISE,2015,2016,1,-0.13061231013331848,653,19259
EDITORIAL_COMPROMISE,2015,2017,2,-0.1473004367719887,653,19259
EDITORIAL_COMPROMISE,2015,2018,3,-0.12458557392112851,653,19259
EDITORIAL_COMPROMISE,2015,2019,4,-0.09917139036525315,653,19259
EDITORIAL_COMPROMISE,2015,2020,5,-0.10493278256493434,653,19259
EDITORIAL_COMPROMISE,2015,2021,6,-0.07603970602396112,653,19259
EDITORIAL_COMPROMISE,2016,2010,-6,-0.030385162127770426,417,6758
EDITORIAL_COMPROMISE,2016,2011,-5,-0.08566954804276179,417,10301
EDITORIAL_COMPROMISE,2016,2012,-4,-0.07821156393153961,417,14161
EDITORIAL_COMPROMISE,2016,2013,-3,-0.027986168103784792,417,19259
EDITORIAL_COMPROMISE,2016,2014,-2,-0.08768655671028887,417,19259
EDITORIAL_COMPROMISE,2016,2016,0,-0.019713477880658244,417,19259
EDITORIAL_COMPROMISE,2016,2017,1,-0.10695588085323839,417,19259
EDITORIAL_COMPROMISE,2016,2018,2,-0.07750949663448015,417,19259
EDITORIAL_COMPROMISE,2016,2019,3,-0.05562082345131735,417,19259
EDITORIAL_COMPROMISE,2016,2020,4,-0.06418426191597737,417,19259
EDITORIAL_COMPROMISE,2016,2021,5,-0.046010940352033236,417,19259
EDITORIAL_COMPROMISE,2016,2022,6,-0.04182811077099617,417,15916
EDITORIAL_COMPROMISE,2017,2011,-6,-0.11974088854064098,672,10301
EDITORIAL_COMPROMISE,2017,2012,-5,-0.07279897253018855,672,14161
EDITORIAL_COMPROMISE,2017,2013,-4,-0.0023096035496082204,672,19259
EDITORIAL_COMPROMISE,2017,2014,-3,0.03348504038927996,672,19259
EDITORIAL_COMPROMISE,2017,2015,-2,0.027892648829613363,672,19259
EDITORIAL_COMPROMISE,2017,2017,0,0.02116372926448735,672,19259
EDITORIAL_COMPROMISE,2017,2018,1,-0.024790280487292277,672,19259
EDITORIAL_COMPROMISE,2017,2019,2,-0.0011672804798745912,672,19259
EDITORIAL_COMPROMISE,2017,2020,3,-0.0036926922230546486,672,19259
EDITORIAL_COMPROMISE,2017,2021,4,0.02192110553136567,672,19259
EDITORIAL_COMPROMISE,2017,2022,5,0.04006151342165416,672,15916
EDITORIAL_COMPROMISE,2017,2023,6,0.02361811055115591,672,12501
EDITORIAL_COMPROMISE,2018,2012,-6,-0.14384776535048407,390,14161
EDITORIAL_COMPROMISE,2018,2013,-5,-0.16113358922435198,390,19259
EDITORIAL_COMPROMISE,2018,2014,-4,-0.15152942147593998,390,19259
EDITORIAL_COMPROMISE,2018,2015,-3,-0.10302382768762124,390,19259
EDITORIAL_COMPROMISE,2018,2016,-2,-0.05756482816558625,390,19259
EDITORIAL_COMPROMISE,2018,2018,0,0.07403225398448411,390,19259
EDITORIAL_COMPROMISE,2018,2019,1,0.0041112979479457495,390,19259
EDITORIAL_COMPROMISE,2018,2020,2,-0.015538655919776434,390,19259
EDITORIAL_COMPROMISE,2018,2021,3,-0.00505764204814,390,19259
EDITORIAL_COMPROMISE,2018,2022,4,0.00993162822768251,390,15916
EDITORIAL_COMPROMISE,2018,2023,5,0.05672223145225305,390,12501
EDITORIAL_COMPROMISE,2018,2024,6,0.04073711508406752,390,8958
EDITORIAL_COMPROMISE,2019,2013,-6,-0.15388261031269998,651,19259
EDITORIAL_COMPROMISE,2019,2014,-5,-0.1299927282785737,651,19259
EDITORIAL_COMPROMISE,2019,2015,-4,-0.10615923658171188,651,19259
EDITORIAL_COMPROMISE,2019,2016,-3,-0.08432070261562631,651,19259
EDITORIAL_COMPROMISE,2019,2017,-2,-0.030418878113043724,651,19259
EDITORIAL_COMPROMISE,2019,2019,0,0.056169082956726436,651,19259
EDITORIAL_COMPROMISE,2019,2020,1,-0.0018478802457470161,651,19259
EDITORIAL_COMPROMISE,2019,2021,2,-0.034365802921434215,651,19259
EDITORIAL_COMPROMISE,2019,2022,3,-0.0004948213142037111,651,15916
EDITORIAL_COMPROMISE,2019,2023,4,-0.0033243423475430717,651,12501
EDITORIAL_COMPROMISE,2019,2024,5,-0.01694440929149138,651,8958
EDITORIAL_COMPROMISE,2019,2025,6,0.0040550825931557205,651,5098
