term,coef,se,t,p,ci_lo,ci_hi,event_time,group,outcome,n_obs,n_authors,n_clusters,cond,meaningful
k-6:AUTHOR_MISCONDUCT,-0.05942205606252107,0.009901170278522947,-6.001518445896846,1.9548074270403504e-09,-0.07882834980842604,-0.0400157623166161,-6,AUTHOR_MISCONDUCT,active,475189,36553,3207,22.904726331845673,1.0
k-5:AUTHOR_MISCONDUCT,-0.0489416860830503,0.010601724618695308,-4.616389110574093,3.9047451187990134e-06,-0.06972106633569311,-0.0281623058304075,-5,AUTHOR_MISCONDUCT,active,475189,36553,3207,22.904726331845673,1.0
k-4:AUTHOR_MISCONDUCT,-0.03438277757298831,0.007223857534416984,-4.759614570079315,1.939629991287717e-06,-0.0485415383404456,-0.020224016805531025,-4,AUTHOR_MISCONDUCT,active,475189,36553,3207,22.904726331845673,1.0
k-3:AUTHOR_MISCONDUCT,-0.006504773313153585,0.005267738285542324,-1.2348322867531953,0.21689292848589758,-0.01682954035281654,0.0038199937265093707,-3,AUTHOR_MISCONDUCT,active,475189,36553,3207,22.904726331845673,0.0
k+0:AUTHOR_MISCONDUCT,0.08422782606510365,0.00894138465169391,9.419998059153738,0.0,0.06670271214778359,0.10175293998242371,0,AUTHOR_MISCONDUCT,active,475189,36553,3207,22.904726331845673,1.0
k+1:AUTHOR_MISCONDUCT,-0.047463513953124536,0.006140950239654808,-7.729017839394271,1.0880185641326534e-14,-0.05949977642284796,-0.03542725148340111,1,AUTHOR_MISCONDUCT,active,475189,36553,3207,22.904726331845673,1.0
k+2:AUTHOR_MISCONDUCT,-0.04475630605294002,0.006431269452449358,-6.95917133994355,3.4228175849193576e-12,-0.057361594179740766,-0.03215101792613928,2,AUTHOR_MISCONDUCT,active,475189,36553,3207,22.904726331845673,1.0
k+3:AUTHOR_MISCONDUCT,-0.044581384235395684,0.007937219861715163,-5.616750576663759,1.9458199052024838e-08,-0.060138335164357404,-0.029024433306433964,3,AUTHOR_MISCONDUCT,active,475189,36553,3207,22.904726331845673,1.0
k+4:AUTHOR_MISCONDUCT,-0.03362602799804883,0.009009183668316578,-3.7324167467363956,0.00018965138854243335,-0.051284027987949315,-0.015968028008148335,4,AUTHOR_MISCONDUCT,active,475189,36553,3207,22.904726331845673,1.0
k+5:AUTHOR_MISCONDUCT,-0.038386954087167385,0.007926706741012476,-4.842736755802351,1.2806290339284487e-06,-0.053923299299551836,-0.022850608874782935,5,AUTHOR_MISCONDUCT,active,475189,36553,3207,22.904726331845673,1.0
k+6:AUTHOR_MISCONDUCT,-0.028645636539865446,0.008728820878174086,-3.2817303665254736,0.001031722101961119,-0.045754125461086655,-0.011537147618644238,6,AUTHOR_MISCONDUCT,active,475189,36553,3207,22.904726331845673,1.0
k-6:EDITORIAL_COMPROMISE,-0.11464327231817867,0.014295347456520403,-8.019621255577633,1.1102230246251565e-15,-0.14266215333295865,-0.08662439130339868,-6,EDITORIAL_COMPROMISE,active,475189,36553,3207,22.904726331845673,1.0
k-5:EDITORIAL_COMPROMISE,-0.10353985287812902,0.010135620713778624,-10.215442724427747,0.0,-0.12340566947713512,-0.08367403627912291,-5,EDITORIAL_COMPROMISE,active,475189,36553,3207,22.904726331845673,1.0
k-4:EDITORIAL_COMPROMISE,-0.08038582529592476,0.01540761668096682,-5.217278373444101,1.8157127601448053e-07,-0.11058475399061973,-0.0501868966012298,-4,EDITORIAL_COMPROMISE,active,475189,36553,3207,22.904726331845673,1.0
k-3:EDITORIAL_COMPROMISE,-0.04373358923879753,0.013162139289550758,-3.3226809317780903,0.0008915683050747525,-0.06953138224631701,-0.017935796231278042,-3,EDITORIAL_COMPROMISE,active,475189,36553,3207,22.904726331845673,1.0
k+0:EDITORIAL_COMPROMISE,0.043358556216719336,0.014297507730828307,3.0325954028497955,0.00242460442420267,0.015335441064295855,0.07138167136914282,0,EDITORIAL_COMPROMISE,active,475189,36553,3207,22.904726331845673,1.0
k+1:EDITORIAL_COMPROMISE,-0.03292472427809598,0.013013240396129996,-2.530094217569934,0.011403190121284545,-0.05843067545451077,-0.007418773101681188,1,EDITORIAL_COMPROMISE,active,475189,36553,3207,22.904726331845673,1.0
k+2:EDITORIAL_COMPROMISE,-0.03885488504366956,0.013025483393892005,-2.9829898721370793,0.0028544743984686427,-0.06438483249569789,-0.013324937591641231,2,EDITORIAL_COMPROMISE,active,475189,36553,3207,22.904726331845673,1.0
k+3:EDITORIAL_COMPROMISE,-0.026449635153058072,0.012137784857403834,-2.179115502852587,0.029323088871292757,-0.05023969347356959,-0.0026595768325465563,3,EDITORIAL_COMPROMISE,active,475189,36553,3207,22.904726331845673,1.0
k+4:EDITORIAL_COMPROMISE,-0.018867732815358945,0.012862237119703959,-1.4669091107374337,0.14240078177682314,-0.044077717569978705,0.006342251939260815,4,EDITORIAL_COMPROMISE,active,475189,36553,3207,22.904726331845673,0.0
k+5:EDITORIAL_COMPROMISE,-0.015438419385402306,0.013749149095992548,-1.1228636243316417,0.2614954185819891,-0.0423867516135477,0.011509912842743088,5,EDITORIAL_COMPROMISE,active,475189,36553,3207,22.904726331845673,0.0
k+6:EDITORIAL_COMPROMISE,-0.017272103200642847,0.01278783678130323,-1.350666535398383,0.17680227672391546,-0.042336263291997175,0.007792056890711486,6,EDITORIAL_COMPROMISE,active,475189,36553,3207,22.904726331845673,0.0
k-6:HONEST_ERROR,-0.08917915830696599,0.009416382757331712,-9.470638631116604,0.0,-0.10763526851133615,-0.07072304810259583,-6,HONEST_ERROR,active,475189,36553,3207,22.904726331845673,1.0
k-5:HONEST_ERROR,-0.07464825901294636,0.008622096528177014,-8.657785118618868,0.0,-0.09154756820817331,-0.057748949817719414,-5,HONEST_ERROR,active,475189,36553,3207,22.904726331845673,1.0
k-4:HONEST_ERROR,-0.05759228338837903,0.007284487152489492,-7.906154844229045,2.6645352591003757e-15,-0.07186987820725843,-0.04331468856949963,-4,HONEST_ERROR,active,475189,36553,3207,22.904726331845673,1.0
k-3:HONEST_ERROR,-0.023502858227100024,0.0074940897888409914,-3.1361858330142707,0.0017116071042986292,-0.03819127421322837,-0.00881444224097168,-3,HONEST_ERROR,active,475189,36553,3207,22.904726331845673,1.0
k+0:HONEST_ERROR,0.07802922501443446,0.007128984776221458,10.945348806845386,0.0,0.06405641485304041,0.09200203517582851,0,HONEST_ERROR,active,475189,36553,3207,22.904726331845673,1.0
k+1:HONEST_ERROR,-0.03056805631838305,0.006944914534897387,-4.401502158850498,1.0750399832559765e-05,-0.044180088806781925,-0.016956023829984172,1,HONEST_ERROR,active,475189,36553,3207,22.904726331845673,1.0
k+2:HONEST_ERROR,-0.03378944338494837,0.006602861281214188,-5.117394103232605,3.0978588805297136e-07,-0.046731051496128176,-0.02084783527376856,2,HONEST_ERROR,active,475189,36553,3207,22.904726331845673,1.0
k+3:HONEST_ERROR,-0.032721473743314966,0.006983038743630808,-4.685850235781671,2.788000846409844e-06,-0.04640822968083135,-0.01903471780579858,3,HONEST_ERROR,active,475189,36553,3207,22.904726331845673,1.0
k+4:HONEST_ERROR,-0.034615988512551675,0.007801497764922054,-4.437095229097657,9.118096183868829e-06,-0.049906924131798897,-0.01932505289330445,4,HONEST_ERROR,active,475189,36553,3207,22.904726331845673,1.0
k+5:HONEST_ERROR,-0.021546701255693676,0.007848256332554876,-2.7454125276613497,0.0060434876037676055,-0.03692928366750123,-0.00616411884388612,5,HONEST_ERROR,active,475189,36553,3207,22.904726331845673,1.0
k+6:HONEST_ERROR,-0.02510527641923735,0.009136416511833341,-2.7478252974480086,0.005999196529857365,-0.0430126527824307,-0.0071979000560439994,6,HONEST_ERROR,active,475189,36553,3207,22.904726331845673,1.0
k-6:AUTHOR_MISCONDUCT,-0.8392751665864833,0.18037477526695955,-4.652951973713249,3.2721648062228326e-06,-1.192809726109724,-0.48574060706324257,-6,AUTHOR_MISCONDUCT,publications,475189,36553,3207,22.904726331845644,
k-5:AUTHOR_MISCONDUCT,-0.6844884631038255,0.1432646957263475,-4.777788830901364,1.7723336418473679e-06,-0.9652872667274666,-0.40368965948018437,-5,AUTHOR_MISCONDUCT,publications,475189,36553,3207,22.904726331845644,
k-4:AUTHOR_MISCONDUCT,-0.5243418901780369,0.11429857759926047,-4.5874752004038015,4.486387018776128e-06,-0.7483671022725874,-0.3003166780834864,-4,AUTHOR_MISCONDUCT,publications,475189,36553,3207,22.904726331845644,
k-3:AUTHOR_MISCONDUCT,-0.3309784106723988,0.08966624038889985,-3.6912265891475022,0.00022317520943015978,-0.5067242418346425,-0.1552325795101551,-3,AUTHOR_MISCONDUCT,publications,475189,36553,3207,22.904726331845644,
k+0:AUTHOR_MISCONDUCT,0.47841986808379744,0.08001932176761013,5.978804337697475,2.247813490896533e-09,0.3215819974192816,0.6352577387483133,0,AUTHOR_MISCONDUCT,publications,475189,36553,3207,22.904726331845644,
k+1:AUTHOR_MISCONDUCT,-0.20561508712368742,0.10290865847985216,-1.9980348608270266,0.04571288083439118,-0.40731605774419766,-0.00391411650317719,1,AUTHOR_MISCONDUCT,publications,475189,36553,3207,22.904726331845644,
k+2:AUTHOR_MISCONDUCT,-0.14910406260994774,0.12606131183836297,-1.182790028404039,0.23689237348263803,-0.39618423381313916,0.09797610859324368,2,AUTHOR_MISCONDUCT,publications,475189,36553,3207,22.904726331845644,
k+3:AUTHOR_MISCONDUCT,0.018846870027979454,0.16102024439384344,0.11704658689923128,0.9068231361628665,-0.2967528089839537,0.3344465490399126,3,AUTHOR_MISCONDUCT,publications,475189,36553,3207,22.904726331845644,
k+4:AUTHOR_MISCONDUCT,0.3620089022936288,0.2352319999343788,1.5389441164238546,0.12381793972381128,-0.0990458175777536,0.8230636221650112,4,AUTHOR_MISCONDUCT,publications,475189,36553,3207,22.904726331845644,
k+5:AUTHOR_MISCONDUCT,0.4771574789550297,0.23992959378251857,1.9887395774426377,0.04672995512006972,0.006895475141293295,0.9474194827687661,5,AUTHOR_MISCONDUCT,publications,475189,36553,3207,22.904726331845644,
k+6:AUTHOR_MISCONDUCT,0.7870572140024075,0.29120684044352574,2.702742877892811,0.006876992134063897,0.216291806733097,1.357822621271718,6,AUTHOR_MISCONDUCT,publications,475189,36553,3207,22.904726331845644,
k-6:EDITORIAL_COMPROMISE,-1.7890104527615267,0.8053225223013868,-2.2214831986184054,0.026318251440941687,-3.3674425964722445,-0.21057830905080865,-6,EDITORIAL_COMPROMISE,publications,475189,36553,3207,22.904726331845644,
k-5:EDITORIAL_COMPROMISE,-1.7384950732059923,0.6994965529666791,-2.4853518803384387,0.012942343400420109,-3.1095083170206834,-0.36748182939130114,-5,EDITORIAL_COMPROMISE,publications,475189,36553,3207,22.904726331845644,
k-4:EDITORIAL_COMPROMISE,-1.2089008966349917,0.43983111921231977,-2.7485569888733106,0.005985822825885556,-2.0709698902911384,-0.3468319029788449,-4,EDITORIAL_COMPROMISE,publications,475189,36553,3207,22.904726331845644,
k-3:EDITORIAL_COMPROMISE,-0.7912847359610009,0.13317155184715435,-5.941845123718211,2.8183162470440948e-09,-1.0523009775814234,-0.5302684943405784,-3,EDITORIAL_COMPROMISE,publications,475189,36553,3207,22.904726331845644,
k+0:EDITORIAL_COMPROMISE,0.883947777631172,0.2977357257741454,2.968900609199018,0.0029886724735472825,0.300385755113847,1.467509800148497,0,EDITORIAL_COMPROMISE,publications,475189,36553,3207,22.904726331845644,
k+1:EDITORIAL_COMPROMISE,0.06342843591807823,0.25966387659327295,0.2442713123991058,0.8070206999895913,-0.4455127622047368,0.5723696340408932,1,EDITORIAL_COMPROMISE,publications,475189,36553,3207,22.904726331845644,
k+2:EDITORIAL_COMPROMISE,0.20420179608161443,0.2267014242332383,0.9007521535088572,0.3677201122722842,-0.24013299541553262,0.6485365875787614,2,EDITORIAL_COMPROMISE,publications,475189,36553,3207,22.904726331845644,
k+3:EDITORIAL_COMPROMISE,0.4417196120161522,0.2798977528028858,1.57814633234025,0.11453199617743759,-0.10687998347750405,0.9903192075098084,3,EDITORIAL_COMPROMISE,publications,475189,36553,3207,22.904726331845644,
k+4:EDITORIAL_COMPROMISE,0.4477441589662112,0.39984417071731754,1.1197966401835031,0.262800431359695,-0.33595041563973116,1.2314387335721535,4,EDITORIAL_COMPROMISE,publications,475189,36553,3207,22.904726331845644,
k+5:EDITORIAL_COMPROMISE,0.44038606928678425,0.4670922864561779,0.9428245382255971,0.3457706583132474,-0.47511481216732443,1.355886950740893,5,EDITORIAL_COMPROMISE,publications,475189,36553,3207,22.904726331845644,
k+6:EDITORIAL_COMPROMISE,0.6497263379877126,0.5807774156899606,1.1187183255324091,0.26326032470112626,-0.4885973967646101,1.7880500727400355,6,EDITORIAL_COMPROMISE,publications,475189,36553,3207,22.904726331845644,
k-6:HONEST_ERROR,-0.7589292856588151,0.5620944343382945,-1.3501811071163465,0.17695789685242058,-1.8606343769618725,0.34277580564424215,-6,HONEST_ERROR,publications,475189,36553,3207,22.904726331845644,
k-5:HONEST_ERROR,-1.2042241490865573,0.1464406188295956,-8.223293227733778,2.220446049250313e-16,-1.4912477619925646,-0.91720053618055,-5,HONEST_ERROR,publications,475189,36553,3207,22.904726331845644,
k-4:HONEST_ERROR,-0.9042598420730672,0.12546229248072538,-7.207423236045106,5.702105454474804e-13,-1.1501659353352889,-0.6583537488108455,-4,HONEST_ERROR,publications,475189,36553,3207,22.904726331845644,
k-3:HONEST_ERROR,-0.338538026504478,0.11826472588179424,-2.862544380670592,0.004202544002948727,-0.5703368892327947,-0.1067391637761613,-3,HONEST_ERROR,publications,475189,36553,3207,22.904726331845644,
k+0:HONEST_ERROR,0.7967330218513247,0.12758275354003287,6.244833253276087,4.2425263302448e-10,0.5466708249128602,1.046795218789789,0,HONEST_ERROR,publications,475189,36553,3207,22.904726331845644,
k+1:HONEST_ERROR,0.03890117878452931,0.1554215598208057,0.25029461053782165,0.8023595240237931,-0.2657250784642498,0.34352743603330843,1,HONEST_ERROR,publications,475189,36553,3207,22.904726331845644,
k+2:HONEST_ERROR,0.29661807376884686,0.16505689823400235,1.7970655994536457,0.0723252061608215,-0.02689344676979777,0.6201295943074915,2,HONEST_ERROR,publications,475189,36553,3207,22.904726331845644,
k+3:HONEST_ERROR,0.37853410401940524,0.1863128953187986,2.0317117791106103,0.042182842749288074,0.013360829194559998,0.7437073788442505,3,HONEST_ERROR,publications,475189,36553,3207,22.904726331845644,
k+4:HONEST_ERROR,0.7031254963324951,0.4695931499566904,1.4973078214563882,0.1343131806555844,-0.21727707758261805,1.6235280702476083,4,HONEST_ERROR,publications,475189,36553,3207,22.904726331845644,
k+5:HONEST_ERROR,0.5666135864549051,0.2943021352909738,1.9252785437479054,0.05419452043720474,-0.010218598715403537,1.1434457716252138,5,HONEST_ERROR,publications,475189,36553,3207,22.904726331845644,
k+6:HONEST_ERROR,0.8760289773593046,0.32730924816357876,2.6764565385011463,0.007440521522692034,0.23450285095869028,1.517555103759919,6,HONEST_ERROR,publications,475189,36553,3207,22.904726331845644,
k-6:AUTHOR_MISCONDUCT,-0.9088493148453699,0.23376705636390813,-3.887841721506527,0.00010113954103418976,-1.36703274531863,-0.45066588437210997,-6,AUTHOR_MISCONDUCT,publications_active_only,367028,36374,3196,22.937658841376475,
k-5:AUTHOR_MISCONDUCT,-0.7089953438996045,0.17357653625753983,-4.084626638981034,4.4147744201472605e-05,-1.0492053549643825,-0.36878533283482645,-5,AUTHOR_MISCONDUCT,publications_active_only,367028,36374,3196,22.937658841376475,
k-4:AUTHOR_MISCONDUCT,-0.5780844680375437,0.1382526270520851,-4.18136335174128,2.8976637628685964e-05,-0.8490596170596305,-0.30710931901545685,-4,AUTHOR_MISCONDUCT,publications_active_only,367028,36374,3196,22.937658841376475,
k-3:AUTHOR_MISCONDUCT,-0.36953193558979636,0.10896288932968476,-3.391355881466377,0.0006954772928282615,-0.5830991986759785,-0.15596467250361423,-3,AUTHOR_MISCONDUCT,publications_active_only,367028,36374,3196,22.937658841376475,
k+0:AUTHOR_MISCONDUCT,0.33592877105419333,0.08930404265049528,3.76163005709496,0.00016880960466614248,0.16089284745922258,0.510964694649164,0,AUTHOR_MISCONDUCT,publications_active_only,367028,36374,3196,22.937658841376475,
k+1:AUTHOR_MISCONDUCT,-0.11519821807528466,0.1250569362556758,-0.9211661625850546,0.35696368153870783,-0.3603098131364092,0.12991337698583988,1,AUTHOR_MISCONDUCT,publications_active_only,367028,36374,3196,22.937658841376475,
k+2:AUTHOR_MISCONDUCT,-0.05501681321735066,0.15252429071527834,-0.36070853343650155,0.7183173448460252,-0.3539644230192962,0.2439307965845949,2,AUTHOR_MISCONDUCT,publications_active_only,367028,36374,3196,22.937658841376475,
k+3:AUTHOR_MISCONDUCT,0.17469150503437605,0.19353425924412837,0.9026386631320729,0.36671769969023593,-0.20463564308411555,0.5540186531528677,3,AUTHOR_MISCONDUCT,publications_active_only,367028,36374,3196,22.937658841376475,
k+4:AUTHOR_MISCONDUCT,0.6045571447093689,0.282541839689857,2.139708389288413,0.03237834064995049,0.05077513891724916,1.1583391505014888,4,AUTHOR_MISCONDUCT,publications_active_only,367028,36374,3196,22.937658841376475,
k+5:AUTHOR_MISCONDUCT,0.8288354170844265,0.3101761851388687,2.6721439517136023,0.0075368309009520296,0.22089009421224393,1.436780739956609,5,AUTHOR_MISCONDUCT,publications_active_only,367028,36374,3196,22.937658841376475,
k+6:AUTHOR_MISCONDUCT,1.2623209775081292,0.37997371658098233,3.322127090438098,0.0008933399400321562,0.5175724930094039,2.0070694620068545,6,AUTHOR_MISCONDUCT,publications_active_only,367028,36374,3196,22.937658841376475,
k-6:EDITORIAL_COMPROMISE,-1.9427711546837523,1.003015191577479,-1.9369309368368433,0.052753786153984183,-3.908680930175611,0.02313862080810658,-6,EDITORIAL_COMPROMISE,publications_active_only,367028,36374,3196,22.937658841376475,
k-5:EDITORIAL_COMPROMISE,-1.9719361038836607,0.8997067210903902,-2.191754332449349,0.028397250236623872,-3.735361277220825,-0.20851093054649605,-5,EDITORIAL_COMPROMISE,publications_active_only,367028,36374,3196,22.937658841376475,
k-4:EDITORIAL_COMPROMISE,-1.2200551463203952,0.5157374336002987,-2.365651718944158,0.01799836705574931,-2.2309005161769804,-0.2092097764638099,-4,EDITORIAL_COMPROMISE,publications_active_only,367028,36374,3196,22.937658841376475,
k-3:EDITORIAL_COMPROMISE,-0.7971561205196709,0.1443370770393923,-5.522878368266471,3.334906084617728e-08,-1.0800567915168797,-0.514255449522462,-3,EDITORIAL_COMPROMISE,publications_active_only,367028,36374,3196,22.937658841376475,
k+0:EDITORIAL_COMPROMISE,0.8417406070820622,0.2911418729351532,2.891169856798803,0.003838106168019051,0.2711025361291619,1.4123786780349625,0,EDITORIAL_COMPROMISE,publications_active_only,367028,36374,3196,22.937658841376475,
k+1:EDITORIAL_COMPROMISE,0.09806765529287889,0.28977378713955976,0.338428317691993,0.7350404373275528,-0.46988896750065823,0.666024278086416,1,EDITORIAL_COMPROMISE,publications_active_only,367028,36374,3196,22.937658841376475,
k+2:EDITORIAL_COMPROMISE,0.298199462956778,0.23807198376677088,1.2525600796812426,0.2103658506877677,-0.16842162522609289,0.7648205511396489,2,EDITORIAL_COMPROMISE,publications_active_only,367028,36374,3196,22.937658841376475,
k+3:EDITORIAL_COMPROMISE,0.584567462731626,0.31195992692043456,1.8738543392488998,0.06095050437382388,-0.02687399403242574,1.1960089194956778,3,EDITORIAL_COMPROMISE,publications_active_only,367028,36374,3196,22.937658841376475,
k+4:EDITORIAL_COMPROMISE,0.5163315631028903,0.46303152234065625,1.1151110414530714,0.26480284052147995,-0.39121022068479594,1.4238733468905767,4,EDITORIAL_COMPROMISE,publications_active_only,367028,36374,3196,22.937658841376475,
k+5:EDITORIAL_COMPROMISE,0.5572657193851166,0.5112452350400128,1.0900164562736745,0.27570589511529775,-0.4447749412933085,1.5593063800635418,5,EDITORIAL_COMPROMISE,publications_active_only,367028,36374,3196,22.937658841376475,
k+6:EDITORIAL_COMPROMISE,0.8950782838912836,0.6598064497280365,1.3565770450716617,0.17491563958974155,-0.39814235757566774,2.188298925358235,6,EDITORIAL_COMPROMISE,publications_active_only,367028,36374,3196,22.937658841376475,
k-6:HONEST_ERROR,-0.5992308313535022,0.7764329700326977,-0.7717740674101808,0.4402482535092651,-2.1210394526175897,0.9225777899105854,-6,HONEST_ERROR,publications_active_only,367028,36374,3196,22.937658841376475,
k-5:HONEST_ERROR,-1.2337946454960105,0.18154920972126073,-6.795924076950273,1.0762057911506417e-11,-1.5896310965496814,-0.8779581944423395,-5,HONEST_ERROR,publications_active_only,367028,36374,3196,22.937658841376475,
k-4:HONEST_ERROR,-0.9200934545284332,0.15132374059858358,-6.0802981137584,1.1995930915276176e-09,-1.216687986101657,-0.6234989229552094,-4,HONEST_ERROR,publications_active_only,367028,36374,3196,22.937658841376475,
k-3:HONEST_ERROR,-0.3008528837793145,0.14045887131129456,-2.14192867257593,0.03219922217361648,-0.5761522715494518,-0.025553496009177168,-3,HONEST_ERROR,publications_active_only,367028,36374,3196,22.937658841376475,
k+0:HONEST_ERROR,0.6479965550385127,0.13960108671274168,4.641772999746776,3.4543223805805212e-06,0.374378425081539,0.9216146849954865,0,HONEST_ERROR,publications_active_only,367028,36374,3196,22.937658841376475,
k+1:HONEST_ERROR,0.07307740739397045,0.1830143271778257,0.3992988337080564,0.6896730263828914,-0.2856306738745679,0.4317854886625088,1,HONEST_ERROR,publications_active_only,367028,36374,3196,22.937658841376475,
k+2:HONEST_ERROR,0.4009315721446088,0.19744970332348655,2.0305503902821926,0.04230062456755568,0.013930153630575148,0.7879329906586424,2,HONEST_ERROR,publications_active_only,367028,36374,3196,22.937658841376475,
k+3:HONEST_ERROR,0.513882981732654,0.22590605935224028,2.2747640466402475,0.022920088099380287,0.07110710540226306,0.956658858063045,3,HONEST_ERROR,publications_active_only,367028,36374,3196,22.937658841376475,
k+4:HONEST_ERROR,0.9014426580092373,0.5942919909111963,1.5168346062128537,0.12930844736758518,-0.2633696441767076,2.0662549601951823,4,HONEST_ERROR,publications_active_only,367028,36374,3196,22.937658841376475,
k+5:HONEST_ERROR,0.6483300364379242,0.3666974580804882,1.7680243540047096,0.07705683232261196,-0.07039698139983264,1.367057054275681,5,HONEST_ERROR,publications_active_only,367028,36374,3196,22.937658841376475,
k+6:HONEST_ERROR,1.1686729284377424,0.42224797517637436,2.7677407522193183,0.005644633713174585,0.3410668970920486,1.996278959783436,6,HONEST_ERROR,publications_active_only,367028,36374,3196,22.937658841376475,
k-3:AUTHOR_MISCONDUCT,-4.080996206795275,2.1771160370911202,-1.874496415105168,0.06086203570442894,-8.34814363949387,0.18615122590332067,-3,AUTHOR_MISCONDUCT,citations,336784,48112,3612,14.246358996378298,
k+0:AUTHOR_MISCONDUCT,5.319139874834726,3.023811935455278,1.7590842249367118,0.07856320390681848,-0.607531518657618,11.24581126832707,0,AUTHOR_MISCONDUCT,citations,336784,48112,3612,14.246358996378298,
k+1:AUTHOR_MISCONDUCT,4.412477317210707,5.6686392009369735,0.7784015106273415,0.4363323484982542,-6.698055516625761,15.523010151047174,1,AUTHOR_MISCONDUCT,citations,336784,48112,3612,14.246358996378298,
k+2:AUTHOR_MISCONDUCT,4.478184516414926,7.123827250986074,0.6286205937679159,0.5295974747403283,-9.48451689551778,18.440885928347633,2,AUTHOR_MISCONDUCT,citations,336784,48112,3612,14.246358996378298,
k+3:AUTHOR_MISCONDUCT,5.032816885001867,8.331803804452989,0.6040488954279077,0.5458111347059569,-11.297518571725991,21.363152341729727,3,AUTHOR_MISCONDUCT,citations,336784,48112,3612,14.246358996378298,
k-3:EDITORIAL_COMPROMISE,-19.61753385457677,12.202837895757327,-1.6076206225272713,0.10791829279469889,-43.53509613026113,4.300028421107591,-3,EDITORIAL_COMPROMISE,citations,336784,48112,3612,14.246358996378298,
k+0:EDITORIAL_COMPROMISE,42.98775262505309,22.716111548463687,1.8923904530641555,0.05843897709608914,-1.5358260099357324,87.51133126004191,0,EDITORIAL_COMPROMISE,citations,336784,48112,3612,14.246358996378298,
k+1:EDITORIAL_COMPROMISE,50.7670835966679,26.989637658523034,1.8809842591805308,0.059974060114991845,-2.1326062140372457,103.66677340737306,1,EDITORIAL_COMPROMISE,citations,336784,48112,3612,14.246358996378298,
k+2:EDITORIAL_COMPROMISE,63.324123553679215,36.14838218434805,1.7517830599096087,0.07981111816276076,-7.52670552764296,134.17495263500138,2,EDITORIAL_COMPROMISE,citations,336784,48112,3612,14.246358996378298,
k+3:EDITORIAL_COMPROMISE,62.10237440573016,31.51148495335913,1.9707853976938665,0.04874842764165144,0.33986389714626597,123.86488491431405,3,EDITORIAL_COMPROMISE,citations,336784,48112,3612,14.246358996378298,
k-3:HONEST_ERROR,-25.230223637437053,3.499192244036304,-7.210299371358372,5.582201367815287e-13,-32.08864043574821,-18.371806839125895,-3,HONEST_ERROR,citations,336784,48112,3612,14.246358996378298,
k+0:HONEST_ERROR,34.61879744649172,5.423434368616301,6.383187311497627,1.734394849961518e-10,23.988866084003767,45.24872880897967,0,HONEST_ERROR,citations,336784,48112,3612,14.246358996378298,
k+1:HONEST_ERROR,62.296316471639045,11.793248676631523,5.282371141302228,1.2752252676051512e-07,39.18154906544126,85.41108387783683,1,HONEST_ERROR,citations,336784,48112,3612,14.246358996378298,
k+2:HONEST_ERROR,83.56316403235142,14.417763125489227,5.79584803169777,6.797679752423846e-09,55.30434830639254,111.8219797583103,2,HONEST_ERROR,citations,336784,48112,3612,14.246358996378298,
k+3:HONEST_ERROR,98.00948714633596,15.640231126914903,6.266498643851481,3.6925662527664826e-10,67.35463413758275,128.66434015508918,3,HONEST_ERROR,citations,336784,48112,3612,14.246358996378298,
